Name,StartDate,EndDate
Abashevo culture,2201,1601
Abbasid Caliphate,0750,20/Feb/1258
Aceh Sultanate,1496,1903
Achaean League,0279,1396
Adal Sultanate,1415,1575
Adamawa Emirate,1809,1903
Adiabene,0015,0116
Adil Shahi Dynasty,1491,1687
Aetolian League,0279,0148
Afars and Issas,05/Jul/1967,27/Jun/1977
Afghanistan,Sep 1996,
Africa,,
Afsharid Empire,1736,1796
Ag Qoyunlu,1407,1510
Aghlabid Dynasty,0800,0909
Ahmadnagar Sultanate,1491,1637
Ahom Kingdom,1228,1826
Aidhne,0400,1200
Aileach,0400,1185
Airgíalla,0677,1590
Ajuran Sultanate,1200,1600
Akkad,2331,2201
Akragas,0583,0407
Aksu,0101,1220
al-Andalus,0718,1212
Alash Autonomy,1917,1920
Alavid Emirate,0864,0928
Alawites State,02/Sep/1920,05/Dec/1936
Albania,28/Nov/1912,
Italian Protectorate of Albania,1939,1943
Albanian Kingdom,1943,1944
Taifa of Albarracín,1012,1104
Alemanni,0477,0503
Algarve,1018,1051
Algeria,05/Jul/1962,
All-Palestine Government,1948,1959
Allied-occupied Austria,1945,1955
Almería,0955,1489
Almohad Dynasty,1121,1269
Almoravid Dynasty,1040,1147
Alodia,0600,1504
Alsace Soviet Republic,09/Nov/1918,22/Nov/1918
Alt Clud,0600,1070
Alta California,1821,1846
American Samoa,,
Amirate Mosul,0933,1175
Ammon,1201,0201
Amorites,2101,1601
Ancient Epirus,0331,0168
Ancient Hawaii,0400,17/Jan/1778
Kingdom of Israel,1031,0932
Ancient Libya,,
Ancient Puebloans,1201,1150
Andorra,01/Jan/1278,
Andronovo culture,2301,1001
Anglo-Corsican Kingdom,17/Jun/1794,19/Oct/1796
Anglo-Egyptian Sudan,1899,1956
Angola,11/Nov/1975,
Anguilla,,
Anhalt,1212,12/Nov/1918
Anhalt-Bernburg,1252,1863
Anhalt-Dessau,1396,1853
Anhalt-Köthen,1396,1853
Ankara Government,1920,1923
Trung K?,1874,1949
Antarctica,,
Antigua and Barbuda,01/Nov/1981,
Anuradhapura Kingdom,0378,1017
Apennine culture,1801,1201
Appenzell,1403,1597
Aramaeans,2251,0736
Archduchy of Austria,1454,1804
Argentina,1861,
Argentine Confederation,1831,1861
Argos,1987,0339
Armenia,21/Sep/1991,
Armenian Kingdom of Cilicia,1078,1375
Armenians in the Persianate,1508,1828
Aro Confederacy,1690,1902
Artuqid State,1101,1409
Aruba,,
Arzawa Kingdom,1551,1321
Ashanti Empire,1670,Jan 1902
Ashikaga Shogunate,11/Aug/1338,02/Sep/1573
Asia,,
Assyria,2001,0613
Astrakhan Khanate,1503,1555
Athens,1401,0323
Atropatene,0301,0141
Attalid Dynasty,0283,0134
Âu L?c,0258,0208
Âu Vi?t,0501,0139
Australia,01/Jan/1901,
Austrasia,0511,0751
Austria,12/Nov/1918,
Austria-Hungary,30/Mar/1867,31/Oct/1918
Austrian Empire,11/Aug/1804,30/Mar/1867
Austrian Netherlands,1714,1794
Autonomous Albanian Republic of Korçë,1916,1920
Autonomous State of Khorasan,1921,1921
Avar Khaganate,0553,0808
Axum,0100,0940
Ay Kingdom,0201,0204
Ayd?nids,1300,1415
Ayutthaya Kingdom,1351,1766
Ayyubid Empire,1171,1341
Provisional Government of Free India,1943,1945
Azawad,2012,2012
Azcapotzalco,0995,1428
Azerbaijan,30/Aug/1991,
Azerbaijan Democratic Republic,1919,1921
Azerbaijan People's Government,Nov 1945,11/Dec/1946
Aztec Empire,1428,13/Aug/1521
Babylonia,1831,1531
Bacan Islands,1400,1579
Greco-Bactria,0251,0126
Baden,1112,1918
Baekje,0019,18/Jul/0660
Bagratid Armenia,0885,1046
Bahamas,10/Jul/1973,
Bahawalpur Princely State,1803,1839
Bahmani Sultanate,1348,1539
Bahrain,15/Aug/1971,
Balearic Islands,1001,0124
Balhae,0698,14/Jan/0926
Bamana Empire,1712,1861
Bangladesh,16/Dec/1971,
United Federated States of Bangsamoro Republik,2013,2013
Banjarmasin,1526,1788
Banovina of Croatia,1939,1943
Banten Sultanate,1527,1813
Banu Ifran,0790,1066
Banu Qasi,0714,0929
Barbados,30/Nov/1966,
Basutoland,1884,04/Oct/1966
Batavian Republic,19/Jan/1795,05/Jun/1806
Bavaria-Landshut,1353,1503
Bavaria-Munich,1392,1505
Bavarian Soviet Republic,06/Apr/1919,03/May/1919
Bechuanaland,31/Mar/1885,30/Sep/1966
Beiruk,1767,1916
Belarus,25/Aug/1991,
Belarusian People's Republic,1918,1919
Belgian Congo,15/Nov/1908,30/Jun/1960
Belgium,04/Oct/1830,
Belize,21/Sep/1981,
Bell Beaker culture,2501,1601
Bengal Sultanate,1232,1577
Benin,01/Aug/1960,
Kingdom of Benin,1440,1897
Berar Sultanate,1491,1575
County of Berg,1101,1815
Bergen op Zoom,1287,1795
Bermuda,,
Bernicia,0559,0655
Beylik of Dulkadir,1336,1518
Beylik of Hamid,1300,1417
Mente?e,1300,1415
Beylik of Teke,1300,1417
Beylik of Tunis,1705,1881
Bhopal State,1707,1949
Bhutan,01/Jan/1617,
Biafra,30/May/1967,15/Jan/1970
Bidar Sultanate,1493,1620
Prince-Bishopric of Constance,1155,1803
Bishopric of Dorpat,1224,1558
Prince-Bishopric of Eichstätt,1305,1802
Prince-Bishopric of Halberstadt,1180,1648
Prince-Bishopric of Hildesheim,1235,1803
Bishopric of Osel Wiek,1228,1560
Prince-Bishopric of Speyer,0888,1803
Prince-Bishopric of Trent,1027,1803
Prince-Bishopric of Worms,0861,1802
Prince-Bishopric of Würzburg,1168,1803
Bogd Khaanate of Mongolia,1911,1924
Bolivia,06/Aug/1825,
Bophuthatswana,06/Dec/1977,27/Apr/1994
Bornu Empire,1396,1893
Bosnia and Herzegovina,01/Mar/1992,
Bosporan Kingdom,0439,0346
Botswana,30/Sep/1966,
Brandenburg-Prussia,27/Aug/1618,18/Jan/1701
Brazil,07/Sep/1822,
Brazil Vargas Era,1930,1944
Breda,1080,1327
Breifne,0550,1256
Bremen,1806,
British America and the British West Indies,1585,1783
British East Africa,1885,23/Jul/1920
British Guiana,13/Aug/1814,26/May/1966
British Honduras,1872,21/Sep/1981
Hong Kong,1842,1983
British India,02/Aug/1858,15/Aug/1947
British Malaya,17/Mar/1824,31/Aug/1957
British Malta,1800,21/Sep/1964
Minorca,1707,25/Mar/1802
British North America,03/Sep/1783,01/Jul/1867
The Protectorate,16/Dec/1653,25/May/1659
British rule in Burma,1824,1948
British Solomon Islands Protectorate,1893,1978
British Somaliland,1884,26/Jun/1960
British Virgin Islands,,
Brunei,01/Jan/1984,
Bruneian Empire,1364,1889
Brycheiniog,0450,1090
Bryneich,0420,0604
Buganda,1300,
Bulgaria,03/Mar/1878,
Kingdom of Bulgaria,05/Oct/1908,15/Sep/1946
Bunyoro,1550,1899
Burgundian Netherlands,1384,1482
Burid Dynasty,1104,1154
Burkina Faso,04/Aug/1984,
Burundi,01/Jul/1962,
Burundian Monarchy,1450,1966
Buyeo,0151,0494
B?yid Empire,0934,1055
Byelorussian Soviet Socialist Republic,1920,1991
Byzantine Empire,0395,29/May/1453
Cahokia,0650,1400
Calchfynedd,0525,0616
California Republic,14/Jun/1846,09/Jul/1846
Caliphate of Córdoba,Jan 0929,1031
Cambodia,09/Nov/1953,
Cameroon,01/Jan/1960,
Canaan,3001,1551
Canada,01/Jul/1867,
Canari,0500,1533
Cao,1101,0488
Cao Wei,25/Mar/0220,0265
Cape Verde,05/Jul/1975,
Captaincy General of Chile,1541,1818
Captaincy General of Cuba,1607,1898
Captaincy General of Puerto Rico,1580,1898
Capitanía General de Santo Domingo,1493,1795
Captaincy General of the Philippines,1565,1898
Capue,0601,0339
Carantania,0658,0828
Carib,1350,1900
Carpatho-Ukraine,14/Mar/1939,16/Mar/1939
Cartagena Canton,12/Jul/1873,12/Jan/1874
Carthage,0815,0147
Caucasian Albania,0302,0001
Caucasian Imamate,1828,1859
Cayman Islands,,
Cemetery H culture,1901,1301
Central African Empire,04/Dec/1976,20/Sep/1979
Central African Republic,13/Aug/1960,
Central-Caspian Dictatorship,1918,1918
Ceredigion,0400,0690
Ceuta,1060,1084
Chachapoya,0800,1475
Chad,11/Aug/1960,
ChagataiKhanate,1225,1685
Chalcedon,0298,0075
Chaldea,0627,0540
Chalukya Dynasty,0543,0753
Champa,0192,1832
Chan Santa Cruz,1848,1893
Chandela Dynasty,0915,1291
Chauhan,0972,1196
Chechnya,11/Jan/1991,2000
Chen,1047,0480
Chen Dynasty,0558,0590
Cheng Han,0304,0347
Chenla Kingdom,0550,0706
Chera Dynasty,0301,1400
Cherokee,1250,
Chersonesos,0551,0009
Cherusci,0101,0100
Chichen Itza,0987,1186
Chile,18/Sep/1810,
China,01/Oct/1949,
Annam,0300,0939
Chinese Soviet Republic,07/Nov/1931,22/Sep/1937
State of Chitral,1560,1969
Chola Empire,0848,1279
Christmas Island,,
Ma Chu,0907,0951
Chu,0723,0482
Chutu Dynasty,0204,0355
Ciboney,0750,1600
Cilicia,0130,1377
Circassia,1500,1864
Circinn,0350,0697
Cisalpine Republic,1799,1802
Ciskei,01/Aug/1972,27/Apr/1994
Civitas Schinesghe,0966,1025
Coalition Government of Democratic Kampuchea,1982,1993
Cochinchina,1862,1948
Cocos Keeling Islands,,
Colchis,0901,0590
Colombia,20/Jul/1810,
Colonial Brazil,1500,1815
Colony and Protectorate of Nigeria,1914,1960
Colony of Fiji,1874,1970
Jamaica and Dependencies,1655,1962
Rhode Island and Providence Plantations,1636,1776
Colony of Tasmania,1856,1901
Colony of Virginia,1607,1776
Vancouver Island,1849,1866
Committee of Members of the Constituent Assembly,1918,1918
Common Derg,1974,1987
"Commonwealth of England, Scotland and Ireland",1659,1660
Commonwealth of the Philippines,15/Nov/1935,04/Jul/1946
Menton,1020,1944
Commune of the Working People of Estonia,1918,1919
Comoros,06/Jul/1975,
Company Raj,Jun 1757,Aug 1858
Rhodesia,1890,1924
Confederate States of America,08/Feb/1861,05/May/1865
Confederation of the Rhine,12/Jul/1806,04/Nov/1813
Congo Free State,02/May/1885,15/Nov/1908
Congress Poland,1815,1915
Colony of Connecticut,1636,1776
Cook Islands,,
Copán,0525,1300
Cordova,1031,1070
Corsican Republic,Nov 1755,09/May/1769
Cossack Hetmanate,1649,1764
Costa Rica,15/Sep/1821,
County of Toggenburg,1209,1468
County of Barcelona,0801,1162
County of Coimbra,0871,1096
County of Edessa,1098,1149
Countship of Flanders,0862,1795
County of Foix,1060,1607
Countsy of Hainaut,1071,1794
County of Holland,1000,1795
Holstein,1111,1866
County of Hoorn,0920,1795
County of Namur,0981,1795
County of Artois,1180,1659
County of Boulogne,0896,1501
County of Burgundy,0982,1678
County of Jaffa and Ascalon,1100,1268
County of Loon,1040,1366
County of Luxemburg,0963,1794
County of Mark,1100,1806
County of Nassau,1125,1806
County of Sicily,1062,1346
County of Tecklenburg,1000,1808
County of Tyrol,1140,1919
County of Württemberg,1083,1495
County of Portugal,1093,1139
County of Provence,0500,1484
County of Savoy,1003,1416
County of Toulouse,0844,1271
County of Tripoli,1102,1289
County of Zutphen,1190,1874
Couto Mixto,1150,29/Sep/1864
Crimean Khanate,1441,08/Apr/1783
Croatia,25/Jun/1991,
Kingdom of Croatia and Dalmatia,1102,1526
Croton,0711,0380
Crown of Aragon,1162,1516
Crown of Castile,1230,1716
Crown Colony of North Borneo,1946,1963
Crown Colony of Sarawak,1946,1963
Crusader States,1098,1489
Cuba,20/May/1902,
Cucuteni-Trypillian culture,5501,2751
Cumae,0751,0422
Cumans,1060,1242
Curaçao,,
Cusco,1195,1438
Cycladic civilization,3001,2001
Cyprus,16/Aug/1960,
Czech Republic,31/Dec/1992,
Czechoslovakia,28/Oct/1918,31/Dec/1992
da Chu,1127,1127
Dabuyid Dynasty,0642,0760
Dacia,0083,0106
Dai Viet,0939,1804
Dál Fiatach,0100,1200
Dál nAraidi,0350,1200
Dál Riata,0500,0839
Danelaw,0868,0928
Danish Estonia,1219,1346
Danish West Indies,1754,31/Mar/1917
Danishmend,1071,1178
Islamic State of Indonesia,1949,1962
Deheubarth,0920,1197
Deira,0559,0679
Delhi Sultanate,1206,Apr 1526
Delian League,0479,0405
Demak Sultanate,1475,1548
Democratic Kampuchea,17/Apr/1975,07/Jan/1979
Democratic Republic of Afghanistan,Apr 1978,Apr 1992
Democratic Republic of the Congo,30/Jun/1960,
Democratic Republic of Georgia,1918,1921
Democratic Republic of Yemen,1994,1994
Dendi Kingdom,1592,1896
Denia,1010,1227
Denkyira,1500,1701
Denmark,01/Jan/1814,
Denmark-Norway,06/Jun/1523,14/Jan/1814
Dervish State,1896,1920
Desmond,1118,1596
Despotate of Epirus,1205,1337
Despotate of Morea,1308,1460
Despotate of Arta,1358,1416
Despotate of Thessaly,1365,1394
Dhinh Dynasty,0970,0980
Roman Catholic Diocese of Albarracín,1173,1259
District of Brankovi?,1371,1412
Ditadura Nacional Portugal,1926,1933
Djibouti,27/Jun/1977,
Dogfeiling,0445,0700
Dominica,03/Nov/1978,
Dominican Republic,27/Feb/1844,
Dominion of India,15/Aug/1947,26/Jan/1950
Dominion of Newfoundland,1907,23/Mar/1949
Dominion of New Zealand,1907,1947
Dumnonia,0410,0875
Domnonée,0450,0650
Don Republic,1918,1920
?ông S?n,0801,0040
Dos Pilas,0629,0761
Drenthe,0820,1796
Duchy of Aquitaine,0550,1204
Duchy of Athens,1204,1458
Duchy of Bar,0959,1634
Duchy Bavaria,0555,0880
Duchy of Benevento,0575,1081
Duchy of Bouillon,1678,1795
Duchy of Brabant,1183,1648
Duchy of Brittany,0845,1547
Brunswick,18/Jun/1815,1918
Duchy of Burgundy,0843,1477
Duchy of Courland,1562,28/Mar/1795
Duchy Croatia,0846,0925
Duchy of Florence,Apr 1532,27/Aug/1569
Duchy of Gelre,1200,1543
Duchy of Lorraine,0903,1766
Duchy of Lucca,09/Jun/1815,1847
Duchy of Modena and Reggio,1452,1859
Duchy Naples,0843,1138
Nassau,17/Jul/1806,1866
Duchy of Naxos,1207,1579
Duchy of Normandy,0911,1259
Duchy of Austria,1156,1453
Duchy of Belz,1170,1462
Duchy of Bohemia,0870,1198
Duchy of Brunswick-Lüneburg,1235,1806
Duchy of Castro,1537,1649
County of Cleves,1092,1795
Duchy of Estonia,1561,1721
"Duchy of Ferrara, Modena and Reggio",1450,1597
Duchy of Gascony,0602,1453
Duchy of Guastalla,1621,1748
Duchy of Holstein,1474,1864
Duchy of Jülich,1003,1794
Duchy of Mantua,1656,1701
Duchy of Masovia,1138,1526
Duchy of Massa and Carrara,1473,1829
Duchy of Milan,1395,1797
Duchy of Mirandola,1310,1710
Duchy of Pomerania,1121,1637
Duchy of Schleswig,1058,1866
Duchy of Styria,1180,1918
Duchy of Swabia,0915,1313
Duchy of Urbino,1213,1625
Duchy of Württemberg,1495,1803
Duchy of Parma,16/Sep/1545,03/Dec/1859
Duchy of Prussia,10/Apr/1525,27/Aug/1618
Duchy of Rome,0525,0750
Duchy of Savoy,1416,1718
Duchy of Saxony,0804,1260
Duchy of Spoleto,0575,1201
Duchy of Warsaw,09/Jun/1807,09/Jun/1815
Dumnonia,0501,0050
Dunoting,0450,0925
Durrani Empire,Oct 1747,1826
Cape Colony,1652,1806
Dutch East Indies,01/Jan/1800,Mar 1942
United Netherlands,26/Jul/1581,19/Jan/1795
Dutch Suratte,1616,1825
Dyfed,0400,0920
Dzungar,1600,1755
Early Le Dynasty,0980,1011
East Anglia,0500,0917
East Francia,0843,02/Feb/0962
East Germany,07/Oct/1949,03/Oct/1990
East Timor,01/Jan/2000,
Eastern Chalukyas,0631,1001
Eastern Hungarian Kingdom,1529,1570
Eastern Rumelia,13/Jul/1878,05/Oct/1908
Eastern Wei,0534,0550
Eastern Wu,0229,0280
Ebla,3501,2251
Ebrauc,0470,0635
Ecuador,24/May/1822,
Edom,1601,0070
Egypt,28/Feb/1922,
Egyptian Empire,3101,0031
El Salvador,15/Sep/1821,
Elam,3201,0540
Eldiguzids,1141,1232
County Palatine of the Rhine,1085,1803
Electorate Bavaria,1656,1815
Electorate of Brunswick-Lüneburg,1701,1807
Electorate of Cologne,0953,1803
Electorate of Hesse,1803,1866
Electorate of Mainz,0780,1803
Electorate of Trier,0898,1801
Electorate of Württemberg,1803,1806
Electorate of Saxony,10/Jan/1356,20/Dec/1806
Elmet,0410,0616
Elymais,0148,0224
Emirate Aleppo,0945,1129
Badajoz,1009,1151
Bari,0847,0871
Emirate Cordoba,0757,0933
Emirate of Crete,0825,0961
Emirate of Granada,1228,1492
Emirate of Afghanistan,1823,1926
Emirate of Bukhara,1785,1877
Emirate of Diriyah,1744,1818
Emirate of Jabal Shammar,1836,1921
Emirate of Nejd,1818,1891
Emirate of Nejd and Hasa,1902,1921
Emirate of Trarza,1640,1902
Sicily,0965,1072
Empire of Brazil,07/Sep/1822,15/Nov/1889
Empire of China,12/Dec/1915,22/Mar/1916
Empire of Japan,03/Jan/1868,02/Sep/1945
Empire of Nicaea,1204,Jul 1261
Imperial State of Vietnam,1945,1945
Empire of Trebizond,1204,15/Aug/1461
Empúries,0576,0049
Epizephyrian Locris,0681,0206
Equatorial Guinea,12/Oct/1968,
Eretnids,1336,1474
Eridu,5001,2001
Eritrea,24/May/1993,
Erivan Khanate,1736,1828
Essex,0527,0812
Estado Novo,1933,1974
Estonia,20/Aug/1991,
Ethiopia,01/Jan/1942,
Ethiopian Empire,1000,1974
Etruria,0801,0265
Ettayapuram estate,1567,1947
Europe,,
Exarchate of Ravenna,0580,0756
Ezo,15/Dec/1868,27/Jun/1869
Falkland Islands,,
Fante Confederacy,1868,1874
Far Eastern Republic,06/Apr/1920,15/Nov/1922
Faroe Islands,1949,
Fatimid Caliphate,05/Jan/0909,1171
Federal Republic of Central America,01/Jul/1823,31/May/1838
Federal Republic of Yugoslavia,28/Apr/1992,04/Feb/2003
Federal State of Austria,May 1934,Mar 1938
Federated Malay States,1895,31/Mar/1946
Federation of Rhodesia and Nyasaland,1953,1963
Fer Manach,1160,1610
Fidach,0350,0697
Fiji,10/Oct/1970,
Finland,06/Dec/1917,
Finnish Democratic Republic,01/Dec/1939,12/Mar/1940
Finnish Socialist Republic,1917,1918
Finnveden,0550,1350
First Brazilian Republic,1889,1931
First Bulgarian Empire,0681,1018
United Islamic Republic of East Turkestan,1933,1934
First Empire of Haiti,1804,1806
First French Empire,18/May/1804,07/Jul/1815
Hungarian People's Republic,1918,1919
Kingdom of Burgundy,0300,0534
Kingdom of Greece,30/Aug/1832,25/Mar/1924
Kingdom of Hungary,25/Dec/1000,30/Mar/1867
First Mariote Kingdom,2901,2401
First Mexican Empire,1822,1824
First Republic of Armenia,1919,1921
Republic of Korea,1948,1960
Slovak State,14/Mar/1939,08/May/1945
Former Liang,0320,26/Sep/0376
Former Qin,04/Mar/0351,0394
Former Shu,01/Jun/0907,0925
Former Yan,23/Nov/0337,11/Dec/0370
Fortriu,0600,0904
Fotla,0350,0697
Four Oirat,1400,1511
France,04/Oct/1958,
Franceville,09/Aug/1889,Jun 1890
Frankfurt,1372,1866
German Empire,1849,1849
Frankish Empire,0450,0843
Frankish Kingdom of Carloman i,0770,0772
Frauenchiemsee,0782,1803
Free City of Danzig,10/Jan/1920,02/Sep/1939
Free City of Hamburg,0808,1866
Lübeck,1226,01/Apr/1937
Free City of Kraków,1815,1846
Free France,1940,1944
Free Lebanon State,1979,1984
Free Territory of Trieste,10/Feb/1947,26/Oct/1954
Colony of Dahomey and Dependencies,1904,1958
French Equatorial Africa,15/Jan/1910,Sep 1958
French First Republic,21/Sep/1792,18/May/1804
French Fourth Republic,14/Oct/1946,04/Oct/1958
French Fourth Republic Occupation Zone in Austria,1947,1956
French Fourth Republic Occupation Zone in Germany,1947,1957
French Guiana,,
French Indochina,17/Oct/1887,09/Nov/1953
Colony of Madagascar and Dependencies,1897,1958
French Polynesia,,
French Protectorate of Morocco,30/Mar/1912,02/Mar/1956
French Protectorate of Tunisia,1881,1956
French Second Republic,1848,02/Dec/1852
French Somaliland,20/May/1896,05/Jul/1976
French Sudan,18/Aug/1890,04/Apr/1959
French Third Republic,04/Sep/1870,22/Jun/1940
French West Africa,27/Oct/1895,05/Oct/1958
Frisia,0650,0734
Funan,0068,0550
Gabon,17/Aug/1960,
Gahadvala,1038,1196
Gaini,0765,0875
Gajapati Kingdom,1434,1541
Galacia,0301,0190
Galician Soviet Socialist Republic,08/Jul/1920,21/Sep/1920
Gallic Empire,0260,Feb 0274
Gambia,18/Feb/1965,
Gambia Colony and Protectorate,1821,1965
Gandhara grave culture,1601,0501
Gandh?ra,0701,1021
Ganja Khanate,1747,1805
Garhwal Kingdom,0888,1949
Gauda Kingdom,0650,0736
Gaul,0451,0052
Gaya Confederacy,0042,0562
Gaza Strip,,
Gazikumukh Khanate,1642,1860
Gemert,1150,06/Jun/1366
Georgia,09/Apr/1991,
German Confederation,08/Jun/1815,23/Aug/1866
German East Africa,27/Feb/1885,28/Jun/1919
German Empire,18/Jan/1871,28/Nov/1918
German-occupied Territory of Montenegro,1943,1944
German New Guinea,03/Nov/1884,28/Jun/1919
German Samoa,1900,1920
German Southwest Africa,07/Aug/1884,09/Jul/1915
Germany,1990,
Germiyanids,1300,1429
Ghana,06/Mar/1957,
Ghana Empire,0790,1235
Ghassanids,0221,0638
Ghaznavid Empire,0963,1187
Gibraltar,,
Giudicato of Arborea,0851,1324
Giudicato of Cagliari,0851,1259
Giudicato of Gallura,0851,1213
Giudicato of Logudoro,0851,1260
Gododdin,0470,0638
Goguryeo,0038,0668
Gojoseon,2334,0109
Gold Coast,1821,06/Mar/1957
Golden Horde,1240,1466
"Gondwana, India",1399,1569
Goust,1648,
Government of National Salvation,1941,1944
Government of National Unity,1944,1945
Governorate of Montenegro,1942,1945
Governorship of New Castile,1528,1542
Governorship of New Toledo,1529,1542
Granada,1013,1145
Granadine Confederation,1858,1863
Grand Duchy of Baden,1806,14/Nov/1918
Grand Duchy of Finland,29/Mar/1809,06/Dec/1917
Grand Duchy of Hesse,13/Aug/1806,09/Nov/1918
Grand Duchy of Lithuania,1183,1795
Grand Duchy of Moscow,1283,22/Oct/1547
Grand Duchy of Berg,1806,1813
Grand Duchy of Oldenburg,1814,1918
Duchy of Tuscany,27/Aug/1569,08/Dec/1859
Great Zimbabwe,1220,1450
Greater Colombia,17/Dec/1819,19/Nov/1831
Greco Bactrian Kingdom,0257,0126
Greece,01/Jan/1829,
Greek Colony of Sinope,0301,0184
Greenland,,
Grenada,07/Feb/1974,
Groningen,0785,1594
Guadeloupe,,
Guadix and Baza,1145,1151
Guam,,
Guanches,1403,1406
Guatemala,15/Sep/1821,
Guernsey,,
Guge,0900,1630
Guinea,02/Oct/1958,
Guinea-Bissau,24/Sep/1973,
Gujarat Sultanate,1399,1577
Gupta Empire,0320,0550
Gurjara Pratihara,0730,1036
Gutian People,2142,2050
Guyana,26/May/1966,
Gwent,0500,1091
Gwerthyrnion,0450,1000
Kingdom of Gwynedd,0450,1282
Habsburg Empire,1526,1804
Habsburg Netherlands,1482,1581
Haestingas,0500,0771
Hafsid Dynasty,1229,1574
Haiti,01/Jan/1804,
StateHan,0404,0231
Han Dynasty,0206,0220
Han Zhao,0304,31/Jan/0329
Kingdom of Hanthawaddy Pegu,1287,1552
Hariphunchai,0661,1292
Hasmonean Dynasty,0141,0038
Hausa Kingdoms,1000,1805
Ancient Greece,,
First Hellenic Republic,1822,1832
Second Hellenic Republic,25/Mar/1924,Nov 1935
Hellenic State,1941,1944
Hellenistic Tyre,0127,0065
Helvetic Republic,12/Apr/1798,19/Feb/1803
Hephthalite Empire,0426,0564
Hesse-Darmstadt,1567,1806
Hesse-Homburg,1622,1866
Hesse-Kassel,1567,1866
Hicca,0400,0650
Himyarite Kingdom,0111,0571
Hispania,0219,0400
Historic Sandwich Islands,18/Jan/1778,1795
China,,
Historical Korea,0918,1897
city-States of Italy,,
Bikaner,1486,1540
Great Socialist People's Libyan Arab Jamahiriya,1977,2011
Hospitaller Malta,1530,1798
Yunnan,1372,1382
Hittites,1701,1181
Ho Dynasty,1400,1411
Hohenzollern-Hechingen,1576,1850
Hohenzollern-Sigmaringen,1576,1850
Hohokam,0100,1150
Holstein-Pinneberg,1290,1640
Holy Roman Empire,02/May/0962,06/Nov/1806
Honduras,15/Sep/1821,
Hong Kong SAR,,
Hotak Dynasty,1710,1739
Hoysala Empire,1109,1319
Huari,0500,0900
Hubaekje,0892,0936
Huelva,1012,1051
Hunan Soviet,07/Sep/1927,1927
Hungarian Soviet Republic,23/Mar/1919,06/Aug/1919
Hungary,25/Dec/1000,
Huns,0433,0454
Hurrians,2501,1201
Hutsul Republic,1919,1919
Hwicce,0628,0778
Hyderabad State,1721,1801
Hyele,0539,0274
Hyksos,1656,1551
Iberian Union,1580,01/Dec/1640
Iceland,17/Jun/1944,
Icelandic Commonwealth,0930,1262
Idrisid Dynasty,0783,0991
Ikkoikki,1400,1586
Ilkhanate,1256,1335
Illyria,0401,0169
Imamate of Futa Jallon,1725,1896
Thorn,1292,1797
Imperial China,0222,12/Feb/1912
Imperial County of Rantzau,1650,1864
Inca Empire,1438,1533
Independent Albania,1912,1914
Independent State of Croatia,10/Apr/1941,08/May/1945
India,15/Aug/1947,
Indo- Greek Kingdom,0180,0011
Indo-Greek Kingdom,0180,0011
Indo-Parthian Kingdom,0020,0100
Indonesia,17/Aug/1945,
Indus Valley civilization,3001,1501
Injuids,1336,1354
Iran,01/Apr/1979,
Iraq,03/Oct/1932,
Ireland,06/Dec/1921,
Irish Free State,06/Dec/1922,29/Dec/1937
Iroquois,1500,
Isin,1954,1730
Islamic State of Afghanistan,Dec 1992,Sep 1996
Islands of Refreshment,04/Feb/1811,14/Aug/1816
Isle of Man,,
Israel,14/May/1948,
Italian East Africa,1936,1941
Italian Eritrea,1890,1936
Napoleonic Kingdom of Italy,1805,1815
Italian Libya,1911,1943
Italian Republic,1802,1805
Italian Social Republic,23/Sep/1943,25/Apr/1945
Italian Somalia,1880,1941
Italy,1946,
Ivory Coast,07/Aug/1960,
Jabal el Druze,1921,1936
Jaén,1145,1168
Jaffna Kingdom,1215,1624
Jailolo Sultanate,1400,1832
Jaisalmer State,1437,1559
Jamaica,06/Aug/1962,
Japan,03/May/1947,
Jaunpur Sultanate,1399,1487
Jersey,,
Jin Dynasty,1116,1235
Sima Jin,0266,0421
Jin State,0401,0101
Jingnan,0924,0963
Jolof Empire,1350,1549
Jordan,25/May/1946,
Joseon,1392,1897
Juliana Republic,24/Jul/1839,15/Nov/1839
Kabul Shahi,0500,1026
Kadesh,3501,1201
Kahlur,0697,1948
Kakatiya Dynasty,1083,1323
Kakuyids,1008,1141
Kalabhras Dynasty,0204,0591
Kalachuri Dynasty,0511,1207
Kalat,1638,14/Oct/1955
Kalinga India,0195,1435
Kalinyamat Sultanate,1527,1599
Kalmar Union,17/Jun/1397,06/Jun/1523
Kamakura Shogunate,25/Apr/1185,18/May/1333
Kamerun,1884,1916
Kanem Empire,0700,1397
Kano Emirate,1807,1903
Kanva Dynasty,0076,0026
Kara Khanid Khanate,0850,1126
Kara-Khitan Khanate,1126,1219
Kara Koyunlu,1375,1468
Karamanids,1327,1421
Karasahr,0051,0350
Karasids,1300,1346
Karasuk culture,1501,0801
Karelo-Finnish Republic,31/Mar/1940,16/Jul/1956
Kassites,1531,1156
Kauthara,0750,1832
Kazakh Khanate,1457,1744
Kazakhstan,16/Dec/1991,
Kediri Kingdom,1046,1255
Kent,0450,0871
Kenya,12/Dec/1963,
Khamag Mongol,0900,1206
Khanate of Bukhara,1500,1785
Khanate of Kazan,1438,1552
Khanate of Khiva,1511,1920
Khanate of Kokand,1709,1876
Khanate of Sibir,1430,1599
Khazar Empire,0650,0965
Khedivate of Egypt,1867,1914
Khmer Empire,0802,1431
Khmer Republic,18/Mar/1970,17/Apr/1975
Khoshut Khanate,1643,1718
Khwarezmid Empire,1077,1231
Kievan Rus,0880,1240
Kilwa Sultanate,0980,1506
Kingdom Afghanistan,1926,1974
Kingdom of Albania,Feb 1272,1368
Aragon,1035,1707
Kingdom of Araucania and Patagonia,1860,1878
Kingdom of Armenia,0301,0115
Kingdom of Asturias,0718,0925
Bavaria,01/Jan/1806,07/Nov/1918
Bohemia,1198,31/Oct/1918
Kingdom Bosnia,1378,1464
Cait,0350,0697
Kingdom of Castile,0850,1230
Ce,0350,0697
Kingdom of Chimor,0900,1470
Connacht,0300,1474
Kingdom of the Croats,0925,1102
Kingdom of Cyprus,1192,1489
Dahomey,1600,12/Feb/1900
Kingdom of Dali,0937,1253
Dublin,0839,1171
Kingdom of Egypt,1922,Jun 1953
Kingdom of England,0927,01/May/1707
Kingdom of Etruria,21/Mar/1801,10/Dec/1807
Fib,0350,0697
Kingdom of France,0843,21/Sep/1792
Kingdom Franks,0477,0888
Kingdom of the French,02/Aug/1830,24/Feb/1848
Kingdom of Galicia,0910,0925
Kingdom of Galicia and Portugal,1065,1072
United Kingdom of Great Britain and Ireland,01/Jan/1801,06/Dec/1922
Kingdom of Hanover,12/Oct/1814,20/Sep/1866
Kingdom of Hawaii,1795,17/Jan/1893
Kingdom of Holland,05/Jun/1806,09/Jul/1810
Kingdom of Ireland,1542,01/Jan/1801
Northern Kingdom,0931,0721
Kingdom of Jerusalem,1099,1291
Kingdom of Judah,0931,0587
Khotan,0056,1006
Kingdom of Laos,09/Nov/1953,02/Dec/1975
Kingdom of León,0910,1301
Kingdom of Libya,24/Dec/1951,01/Sep/1969
Kingdom of Lindsey,0450,0600
Kingdom of Lithuania,17/Jul/1251,1263
Kingdom Lombards,0527,0775
Macedonia,0808,0169
Kingdom of Majorca,1262,25/Oct/1349
Mide,0450,1170
Kingdom of Montenegro,28/Aug/1910,28/Nov/1918
Munster,0200,1119
Kingdom Naples,1283,1816
Kingdom of Navarre,0824,1620
Kingdom of Nepal,1768,28/May/2008
Kingdom of Abkhazia,0885,1011
Kingdom of Anshan,0701,0609
Kingdom of Artsakh,1000,1261
Kingdom of Ava,1364,1555
Kingdom of Bumthang,0600,1600
Kingdom of Butua,1450,1683
Cappadocia,0256,0095
Kingdom of Carchemish,1343,0718
Kingdom of Champasak,1714,1779
Kingdom of Cochin,1100,1947
Kingdom of Croatia,1527,1868
Kingdom of Finland,09/Oct/1918,14/Dec/1918
Galicia–Volhynia,1199,1349
Gao,0850,1375
Kingdom of Georgia,1008,1490
Goryeo,0918,1393
Kingdom of Hejaz,1916,1925
Kingdom of Hungary,1526,1867
Kingdom of Iberia,0302,0001
Kingdom of Iceland,1918,1944
Kingdom of Imereti,1260,1810
Kingdom of Iraq,Oct 1932,14/Jul/1958
Imperial Italy,0856,0962
Kingdom of Kakheti,1465,1762
Kingdom of Kandy,1469,1815
Kingdom of Kartli,1747,1762
Kingdom of Kartli-Kakheti,1762,1791
Kerma culture,1621,1567
Kingdom of Kongo,1390,1666
Kingdom of Kotte,1412,1597
Kingdom of Kurdistan,1922,1924
Kingdom of Lazica,0500,0566
Kingdom of Livonia,1570,1578
Kingdom of Luang Phrabang,1707,1949
Kingdom of Luba,1585,1871
Kingdom of Lunda,1665,1892
Kingdom of Lydia,0688,0547
Kingdom of Makuria,0300,1312
Kingdom of Middag,,1600
Kingdom of Mrauk U,1431,1785
Kingdom of Pajang,1568,1586
Crown of the Kingdom of Poland,1385,1569
Regency Kingdom of Poland,1916,1918
Kingdom of Serbia Medieval,1217,1346
Kingdom of Sitawaka,1521,1594
Kingdom of Sophene,0190,0095
Napoleonic Spain,1808,1813
Kingdom of the Alans in Hispania,0410,0419
Gepids,0454,0568
Kingdom of Thuringia,0477,0532
Kingdom of Tlemcen,1238,1544
Kingdom of Tungning,1661,1683
Kingdom of Vaspurakan,0908,1021
Kingdom of Westphalia,1807,1813
Kingdom of Württemberg,1806,1918
Kingdom Poland,1025,1303
Kingdom of Portugal,26/Jul/1139,05/Oct/1910
Kingdom of Prussia,18/Jan/1701,09/Nov/1918
Kingdom of Romania,13/Mar/1881,30/Dec/1947
Kingdom of Rwanda,25/Jul/1959,01/Jul/1962
Kingdom of Sarawak,18/Aug/1841,30/Jun/1946
Kingdom of Sardinia,24/Aug/1720,17/Mar/1861
Kingdom of Saxony,1806,1918
Kingdom of Scotland,0843,01/May/1707
Sedang,03/Jun/1888,11/Nov/1890
Kingdom of Sicily,1130,1816
Kingdom of Spain,1479,11/Feb/1873
Kingdom Spain Bourbon Restoration,1874,1932
Kingdom Sweden,0970,1611
Kingdom of Tavolara,1836,1962
Kingdom of Thessalonica,1204,1224
Kingdom of the Two Sicilies,12/Dec/1816,12/Feb/1861
Valencia,1238,1707
Kingdom of the Vandals,0435,0534
Kingdom of the Visigoths,0418,0712
Wuyue,0907,0988
Kingdom of Yugoslavia,01/Dec/1918,29/Nov/1945
Kiribati,12/Jul/1979,
Klaip?da,1920,1924
Kolozs County,1050,1920
Kommagene,0164,0072
Konbaung Dynasty,1754,1886
Korean Empire,13/Oct/1897,29/Aug/1910
Corinth,1074,0339
Kosala Kingdom,0651,0501
Kosovo,17/Feb/2008,
Kucha,0101,0640
Kulli culture,2501,2001
Kumul Khanate,1696,1930
Kurt Dynasty,1244,1381
Kush,1071,0350
Kushan Empire,0060,0375
Kutai Kartanegara,1407,1845
Kuwait,19/Jun/1961,
Kyrene,0631,0251
Kyrgyzstan,31/Aug/1991,
Lagash,2170,2045
Laighin,0180,1042
Banat of Leitha,1921,1921
Lakhmids,0268,0603
Lanna Kingdom,1292,15/Jan/1775
Landgraviate of Hesse,1264,1567
Lands of the Crown of Saint Stephen,1867,1918
Langkasuka,0150,1150
Laos,19/Jul/1949,
Larsa,1859,1699
Later Han,,
Later Jin,0937,0948
Later Le Dynasty,1428,1788
Later Liang,0386,0403
Zhu Liang,,
Later Ly Dynasty,1011,1232
Later Qin,0384,20/Sep/0417
Later Shu,0934,0965
Later Tang,0907,0937
Later Yan,0383,0408
Later Zhao,0319,0351
Later Zhou,0952,0961
Latin Empire,1204,1261
Latvia,21/Aug/1991,
Latvian Socialist Soviet Republic,1918,1920
Lavo Kingdom,0650,1146
League of Lezhë,1444,1450
Lebanon,22/Nov/1943,
Lemko-Rusyn Republic,05/Dec/1918,Mar 1920
Leontopolis,0819,0717
Lesotho,04/Oct/1966,
Liang Dynasty,0503,0556
Liao Dynasty,0907,1125
Liberia,01/Jan/1825,
Libya,24/Dec/1951,
Liechtenstein,23/Jan/1719,
Liga Federal,1815,1820
Lippe,1123,1918
Lisbon,1022,1093
Lithuania,11/Mar/1990,
Lithuanian–Byelorussian SSR,1919,1919
Liu Song Dynasty,0421,0465
Longshan culture,3001,2001
Lorca,1228,1250
Lordship of Ireland,1171,1541
Lordship of Albarracin,1167,1300
Lordship of Berat,1335,1444
Lotharingia,0855,0870
Province of Lower Canada,1791,1841
Lower Egypt,4001,3101
Lu,0951,0257
Lusatian culture,1301,0501
Luxembourg,01/Jan/1839,
Macau,,
North Macedonia,08/Sep/1991,
Madagascar,26/Jun/1960,
Maelienydd,1093,1200
Magadha,0685,0322
Magonsæte,0660,0890
Mahdist Sudan,1885,1899
Maikop civilization,3701,2501
Maitraka,0475,0767
Majapahit,20/Nov/1293,1527
Malacca Sultanate,1402,1511
Málaga,1026,1239
Malawi,06/Jul/1964,
Malayan Union,01/Apr/1946,31/Jan/1948
Malaysia,31/Aug/1957,
Maldives,26/Jul/1965,
Mali,22/Sep/1960,
Mali Empire,1230,1600
Mali Federation,04/Apr/1959,20/Aug/1960
Malta,21/Sep/1964,
Mamluk Sultanate,1250,1515
Manchukuo,18/Feb/1932,1945
Mandatory Iraq,1920,1932
Mangalái,1220,1877
Mani,1460,1830
Manipur Princely State,1433,1814
Mankessim Kingdom,1252,1844
Maratha Empire,1675,1819
March of Verona,0890,1167
Margravate of Mantua,1433,1530
Margraviate of Austria,0976,1156
Margraviate of Baden,1112,1803
Margraviate of Brandenburg,1157,1806
Margraviate of Meissen,0965,1423
Margraviate of Moravia,1182,1918
Marinid Dynasty,1244,1465
Marquisate of Ceva,1125,1427
Marshall Islands,21/Oct/1986,
Martinique,1946,
Maukhari,0550,0700
Mauretania,0251,0031
Mauritania,28/Nov/1960,
Mauritius,12/Mar/1968,
Maurya Empire,0323,0186
Maya civilization,1801,1450
Mayapan,1186,1442
Mayotte,,
Mecklenburg-Schwerin,1352,1918
Mecklenburg-Strelitz,1701,1918
Media,0626,0550
Medieval Kingdom of Denmark,0850,1398
Medieval Kingdom of Norway,0873,1381
Medieval Livonia,02/Feb/1207,1561
Mehrgarh culture,7001,2501
Meirionnydd,0450,0950
Melayu Kingdom,1232,1289
Mengjiang United Autonomous Government,1939,1945
Menorca,1228,1287
Mercia,0527,04/Dec/0918
Merina,1787,1897
Mértola,1031,1151
Mexican Empire,27/Sep/1821,1823
Mexico,16/Sep/1810,
Micronesia,03/Nov/1986,
Middle Congo,1890,15/Aug/1960
Middle Francia,0843,0855
Middle Saxons,0700,0850
Mimbres,1000,1130
Min,0909,0945
Ming Dynasty,1372,1645
Minoan civilization,2701,1451
Minyue,0212,0111
Sikh Misl,1716,1799
Mitanni,1501,1301
Mlechchha Dynasty,0650,0900
Moab,1601,0583
Moche,0100,0800
Moghulistan,1488,1515
Mogollon,0150,1450
Moldavia,1346,1859
Moldova,27/Aug/1991,
Molina,1080,1100
Molossians,0480,0331
Monaco,1861,
Monastic State of the Teutonic Knights,1224,1525
Mongol Empire,1206,1368
Mongolia,1372,1701
Mongolia,11/Jul/1921,
Mongolian People's Republic,26/Nov/1924,13/Feb/1992
Monomotapa,1430,1629
Montenegro,03/Jun/2006,
Montfoort,1392,1795
Montserrat,,
Moravian Serbia,1375,1405
Moresnet,26/Jun/1816,10/Jan/1920
Morgannwg,0960,1080
Morocco,01/Jan/1660,
Morón,1010,1066
Mosquito Reserve,1600,1894
Mountainous Republic of the Northern Caucasus,1917,1920
Moylurg,0956,1585
Mozambique,25/Jun/1975,
Muang Phuan,1707,1899
Mughal Empire,21/Apr/1526,20/Jun/1858
Multan,0564,1011
Murcia,1011,1266
Muscat and Oman,1820,1970
Mutawakkilite Kingdom of Yemen,1918,1962
Muzaffarids Iran,1336,1394
Myanmar,04/Jan/1948,
Mycenae,1601,1101
Myinsaing Kingdom,1297,1313
Mysore,1565,1947
Nabataea,0313,0106
Namgyal Dynasty of Ladakh,1488,1837
Namibia,21/Mar/1990,
Nanda Empire,0346,0322
Nanyue,0204,0113
Nanzhao,0737,0902
Natalia Republic,12/Oct/1839,12/May/1843
National Transitional Council of Libya,2011,2012
Nauru,31/Jan/1968,
Nawab of the Carnatic,1692,1859
"Nawab Nizam of Bengal, Bihar and Orissa",1717,1765
Nazca,0301,0800
Nazi Germany,30/Jan/1933,08/May/1945
Neapolis,0751,0091
Nekor,0710,1019
Neo-Babylonian Empire,0627,0540
Neo-Inca State,1537,1572
Nepal,01/Jan/2000,
Netherlands,23/Jan/1579,
Netherlands Antilles,15/Dec/1954,10/Oct/2010
Netherlands Guiana,1667,25/Nov/1975
Netherlands New Guinea,29/Dec/1945,01/Oct/1962
Neustria,0511,0858
New Caledonia,,
New France,1663,10/Feb/1763
New Granada,27/May/1717,07/Aug/1819
New Hebrides,1906,30/Jul/1980
New Netherlands,1609,1667
New Spain,1519,1821
New Zealand,26/Sep/1907,
Ngo Dynasty,0939,0970
Nguyen Dynasty,1802,1945
Nicaragua,15/Sep/1821,
Niebla,1023,1262
Niger,03/Aug/1960,
Nigeria,01/Oct/1960,
Niue,19/Oct/1974,
Nizari Ismaili State,1090,1256
Njudung,0550,1350
Nobatia,0350,0650
Nogai Horde,1440,1634
Nuvlana,0601,0312
Nordic Bronze Age culture,1701,0501
Norfolk Island,,
North America,,
North Borneo,1882,1963
North German Confederation,16/Apr/1866,18/Jan/1871
North Korea,15/Aug/1945,
North Vietnam,02/Sep/1945,02/Jul/1976
Northern Han,0952,0979
Northern Liang,0397,18/Oct/0439
Northern Mariana Islands,,
Northern Nigeria Protectorate,1900,1914
Northern Qi,0551,0554
Northern Rhodesia,01/Apr/1924,24/Oct/1964
Northern Wei,20/Feb/0386,08/Nov/0534
Northern Yan,15/Sep/0407,04/Jun/0436
Northern Yuan Dynasty,1368,1635
Northern Zhou,0557,0581
Northumbria,0653,0954
Norway,07/Jun/1905,
Novgorod Republic,1136,1478
Novotitorovka culture,3301,2701
Numidia,0203,0047
Nyasaland,Oct 1907,06/Jul/1964
Supreme Command of All German Forces in the East,1914,1919
Occupation of Turkish Armenia,1915,1918
Oceania,,
Ochre Coloured Pottery culture,2101,1501
Odrysian Kingdom,0479,0047
Oghuz Yabgu State,0750,1055
Old Great Bulgaria,0632,0671
Old Saxony,0477,0783
Old Swiss Confederacy,1656,1799
Oldenburg,1180,1918
Olmec,1201,0401
Oman,02/Dec/1971,
"Oman proper, Oman Imamate",0751,1970
Oostergo,1200,1500
Orange Free State,17/Feb/1854,31/May/1902
Orange River Sovereignty,03/Feb/1848,11/Mar/1854
Ordos culture,###############################################################################################################################################################################################################################################################,0201
Orihuela,1239,1249
Orléans,0511,0629
Osraighe,0050,1103
Osroene,0133,0244
Ostragothic Kingdom,0493,0553
Ottoman Empire,1299,29/Oct/1923
Ottomány culture,2101,1701
Oubangui-Chari,1894,13/Aug/1960
Oxus civilization,2201,1701
Oyo Empire,1600,1889
Paestum,0701,0274
Pagan Kingdom,0850,1288
Pahlavi Dynasty,1925,1980
Pakistan,14/Aug/1947,
Pala Empire,0750,1174
Duchy of Palatinate-Neuburg,1505,1808
County Palatine of Zweibrücken,1444,1801
Palau,01/Oct/1994,
Palenque,0400,0850
Palestine,25/Apr/1920,14/May/1948
Pallars,0781,1011
Pallars Jussà,1011,1192
Pallars Sobirà,1011,1200
Pallava,0275,0901
Palmyrene Empire,0269,0274
Panama,03/Nov/1903,
Panama Canal Zone,18/Nov/1903,01/Oct/1979
Panduranga,1485,1832
Pandyan Kingdom,0301,0920
Papal States,0752,20/Sep/1870
Paphlagonia,0301,0075
Papua New Guinea,16/Sep/1975,
Paraguay,14/May/1811,
Paramara Dynasty,0800,1327
Paris,0511,0629
Parthia,0246,0224
Pashalik of Scutari,1757,1831
Patani Kingdom,0200,0400
Pechenegs,0980,1131
Pecsætna,0550,0800
Peloponnesian League,0547,0372
Pengwern,0520,0656
Peoples Democratic Republic of Ethiopia,1987,1991
People's Democratic Republic of Yemen,30/Nov/1967,22/May/1990
People's Republic of Bulgaria,15/Sep/1946,15/Nov/1990
People's Republic of Hungary,18/Aug/1949,23/Oct/1989
People's Republic of Korea,Aug 1945,Jan 1946
People's Republic of Angola,1975,1992
Peoples Republic of Mozambique,1976,1991
People's Republic of Poland,22/Jul/1952,30/Jan/1990
Provisional Government of the Republic of Poland,31/Dec/1944,1952
People's Republic of Zanzibar,12/Jan/1964,26/Apr/1964
Persian Empire,0729,0331
Persian Soviet Socialist Republic,1920,1921
Peru,28/Jul/1821,
Peru-Bolivian Confederation,28/Oct/1836,25/Aug/1839
Petty Kingdoms of Norway,0700,1000
Phayao Kingdom,1094,1338
Philippine Republic,1899,1901
Philippines,12/Jun/1898,
Philistia,1181,0722
Phoenicia,2501,0334
Phoenician Tyre,1201,0539
Phrygia,1201,0695
Pitcairn Islands,,
Plymouth Colony,1620,1686
Poland,11/Nov/1918,
Government of the Republic of Poland in exile,1939,1990
Polish-Lithuanian Commonwealth,01/Jul/1569,24/Oct/1795
Polish-Lithuanian-Ruthenian Commonwealth,1863,1865
Polish Underground State,1939,1945
Free Greece,1944,1944
Pomerania,1013,1806
Pontianak Sultanate,1771,1950
Pontus,0292,0063
Portugal,1910,
Portuguese Cape Verde,1462,1975
Portuguese East Africa,1498,25/Jun/1975
Portuguese First Republic,05/Oct/1910,29/May/1926
Portuguese Guinea,1474,10/Sep/1974
Portuguese India,15/Aug/1510,14/Jan/1961
Macao,01/Dec/1887,20/Dec/1999
Portuguese Timor,1702,28/Nov/1975
Portuguese West Africa,1655,20/Oct/1951
Post Serbian Empire States,1371,1405
Powys,0400,1160
Powys Wenwynwyn,1160,1283
Pridnestrovian Moldavian Soviet Socialist Republic,1990,1991
Prince-Bishopric of Liège,0980,1795
Prince-Bishopric of Augsburg,0800,1803
Prince-Bishopric of Bamberg,1245,1802
Prince-Bishopric of Basel,1032,1803
 of Montenegro,1696,1852
Prince-Bishopric of Münster,1180,1802
Prince-Bishopric of Strassburg,0982,1803
Prince-Bishopric of Utrecht,0695,1579
Princedom of Albania,1368,02/Mar/1444
Principality of Achaea,1205,1432
Principality of Albania,21/Feb/1914,1925
Principality of Antioch,1098,1268
Sovereign Principality of Elba,13/May/1814,26/Feb/1815
Principality of Hungary,0845,Dec 1000
Principality of Kastrioti,1389,02/Mar/1444
Margraviate of Brandenburg-Ansbach,1398,1806
Principality of Arbanon,1190,1255
Principality of Brunswick-Wolfenbüttel,1269,1815
Principality of Bulgaria,1878,1908
Principality of Calenberg,1494,1705
Principality of Capua,0874,0900
Principality of Catalonia,0987,1716
Principality of Chernigov,1025,1242
Principality of Dukagjini,1387,1444
Principality of Galilee,1099,1187
Principality of Gjirokastër,1386,1418
Principality of Halych,1055,1243
Principality of Hamamshen,0700,1300
Principality of Kiev,1055,1242
Principality of Lucca and Piombino,1805,1814
Principality of Lüneburg,1269,1705
Principality of Minsk,1101,1326
Principality of Montenegro,1879,1910
Principality of Murom,1127,1392
Principality of Pereyaslavl,1055,1242
Principality of Ryazan,1055,1522
Principality of Salerno,0852,1078
Principality of Serbia,1815,1882
Early Medieval Principality of Serbia,0780,0969
Principality of Smolensk,1054,1387
Principality of Stavelot-Malmedy,0651,1795
Principality of Taranto,1088,1465
Principality of Theodoro,1300,1475
Principality of Transylvania,1570,1711
Principality of Turov and Pinsk,1242,1319
Principality of Volhynia,0987,1199
Principality of Yaroslavl,1218,1463
Principality of Orange,1163,Apr 1713
Principality of Orange-Nassau,1702,31/May/1815
Principality of Polotsk,0950,1397
Principality of Trinidad,1893,1895
Principality of Wales,1216,1542
Prome Kingdom,1482,1542
Protectorate of Bohemia and Moravia,15/Mar/1939,13/May/1945
Zanzibar,1890,Dec 1963
United Province of Canada,1841,1867
Province of Carolina,1629,1712
Province of Georgia,1732,1777
Province of Massachusetts Bay,1692,1783
Province of New Hampshire,1629,1776
Province of New York,1664,1783
Province of Pennsylvania,1681,1783
Province of Quebec,1763,1791
Province of South Carolina,1712,1776
Provisional Democratic Government,1947,1949
Provisional Government of Hawaii,1893,1894
Provisional Government of Saskatchewan,1885,1885
Provisional Government of the French Republic,1944,1946
Provisional Government of the Republic of Korea,01/Mar/1919,09/Sep/1948
Provisional National Government of the Southwestern Caucasus,1918,1919
Provisional Revolutionary Government of the Republic of South Vietnam,1969,1976
Prussia,10/Apr/1525,25/Feb/1947
Pskov Republic,0862,1510
Pudukkottai State,1680,1948
Puerto Rico,,
Purchena,1145,1150
Qajar Empire,1794,1925
Qasim Khanate,1452,1681
Qatar,03/Sep/1971,
Qi,1047,0222
Qi,0907,0924
Qi,1501,0446
Qin Dynasty,0222,0206
Qing Dynasty,1645,1912
Qutb Shahi Dynasty,1519,1688
Rajahnate of Cebu,1200,1565
Lordship of Rapperswil,1220,1464
Rashidun Caliphate,0632,0661
Rashtrakuta Dynasty,0751,0983
Rattanakosin Kingdom,1783,1932
Red River Rebellion,16/Oct/1869,04/Mar/1870
Regency of Carnaro,12/Sep/1919,30/Dec/1920
Republic of China,1940,1945
Repubblica Romana,09/Feb/1849,02/Jul/1849
Republic of Afghanistan,1973,1978
Republic of Ararat,1927,1930
Republic of Austria,1919,May 1934
Avignon,1140,1226
Republic China,1912,1950
Republic of the Congo,15/Aug/1960,
Republic Congo Leopoldville,1961,1972
Crete,09/Dec/1898,01/Dec/1913
Republic of Dahomey,11/Dec/1958,30/Nov/1975
Republic Egypt,1955,1959
Republic of Florence,1115,1532
Republic of Formosa,23/May/1895,21/Oct/1895
Republic of Genoa,1005,14/Jun/1797
Republic of Hatay,07/Sep/1938,29/Jun/1939
Republic of Indian Stream,09/Jul/1832,1835
First Republic of Latvia,Nov 1918,05/Aug/1940
First Republic of Lithuania,16/Feb/1918,15/Jun/1940
Republic of Mahabad,1946,1947
Republic of Manitobah,1867,1869
Independent Republic of Alsace-Lorraine,11/Nov/1918,21/Nov/1918
Republic of Biak-na-Bato,1897,1897
Republic of Bosnia and Herzegovina,1993,1998
Republic of Canada,1837,1838
Republic of Central Lithuania,1920,1922
Republic of Cospaia,1440,1826
Republic of German-Austria,1918,1919
Republic of Hawaii,1894,1898
Republic of Mountainous Armenia,1921,1921
Cantonal Republic of Negros,1898,1901
Republic of New Granada,1831,1858
Republic of Pisa,1004,1407
Republic of Rhodes,0301,0072
Republic of Serbian Krajina,1991,1995
Republic of Siena,1405,1556
Republic of Spanish Haiti,1821,1822
Republica de Zamboanga,1899,1903
Republic of Perloja,1918,1923
Republic of Poland,1918,1939
Republic of Ragusa,1358,14/Oct/1808
Republic of the Rio Grande,17/Jan/1840,06/Nov/1840
Republic of St. Tropez,1470,1672
Republic of Texas,02/Mar/1836,29/Dec/1845
Republic of Venice,0697,17/Oct/1797
Republic of Yucatán,16/Mar/1841,14/Jul/1848
Restored Kingdom of Hanthawaddy Pegu,1740,1757
Réunion,,
Reuss,1010,1918
Rheged,0400,0730
Rhegion,0721,0388
Republic of Rhodesia,11/Nov/1965,01/Jun/1979
Rhos,0510,1000
Rhufoniog,0445,0540
Ribagorza,0872,1598
Rio Muni,11/Mar/1778,1959
Riograndense Republic,11/Sep/1836,05/Mar/1845
Prince-Bishopric of Passau,0999,1805
Roman Empire,16/Jan/0028,0395
Roman Kingdom,0754,0510
Roman Egypt,0031,0641
Arabia Petraea,,
Hispania Citerior,,
Hispania Tarraconensis,,
Hispania Ulterior,,
Sardinia et Corsica,,
Sicilia,,
Roman Republic,0510,16/Jan/0028
Repubblica Romana,1798,1799
Romania,09/May/1877,
Socialist Republic of Romania,30/Dec/1947,22/Dec/1989
Ronda,1039,1065
Rouran Khaganate,0400,0553
Roussillon,0893,1659
Rozwi Empire,1660,1867
Ruanda-Urundi,01/Nov/1922,01/Jul/1962
Rugiland,0467,0487
Russia,24/Aug/1991,
Russian Empire,22/Oct/1721,07/Nov/1917
Russian Republic,1917,1917
Russian Soviet Federative Socialist Republic,1918,1922
Rustamid Dynasty,0779,0910
Rwanda,01/Jul/1962,
Ryukyu Kingdom,1429,11/Mar/1879
"Serbian Autonomous Oblast of Eastern Slavonia, Baranja and Western Syrmia",1991,1992
Serbian Autonomous Oblast of Krajina,1991,1991
Serbian Autonomous Oblast of Western Slavonia,1990,1991
Saadi Dynasty,1554,1659
Saar,1920,1935
Sabzevar,1336,1384
Safavid Empire,1501,1736
Saffarid Dynasty,0861,1003
Saffarid Emirate,0861,1003
Sagunto,1086,1092
Saint-Domingue,1625,1804
Saint Helena,,
Saint Kitts and Nevis,19/Sep/1983,
Saint Lucia,22/Feb/1979,
Saint Pierre and Miquelon,,
Saint Vincent and the Grenadines,27/Oct/1979,
Sais Egypt,0728,0717
Sajid Dynasty,0889,0929
Kingdom of Saloum,1494,1969
Samanid Empire,0819,0999
Samoa,01/Jan/1962,
Samoa I Sisifo,1958,1982
Samos Empire,0623,0659
San Marino,08/Oct/1600,
Santarém,1144,1145
São Tomé and Príncipe,12/Jul/1975,
Sarir,0400,1100
Sarukhanids,1403,1415
Sassanid Empire,0224,0651
Satavahana Dynasty,0231,0221
Saudi Arabia,23/Sep/1932,
Saxe-Altenburg,07/Jul/1602,1920
Saxe-Coburg and Gotha,1826,18/Nov/1920
Saxe-Coburg-Saalfeld,06/Aug/1699,11/Feb/1825
Saxe-Gotha,1640,1680
Duchy of Saxe-Gotha-Altenburg,1680,1826
Saxe-Hildburghausen,1680,1826
Saxe-Lauenburg,1296,1876
Saxe-Meiningen,1675,1920
Duchy of Saxe-Weimar,1572,1809
Saxe-Weimar-Eisenach,1809,1920
Saybrook Colony,1635,1644
Schaumburg-Lippe,1643,1918
Schleswig-Holstein,1868,23/Aug/1946
Schwarzburg-Rudolstadt,1599,1920
Schwarzburg-Sondershausen,1599,1920
Scythia,0701,0100
Sealand Dynasty,1661,1460
Second Brazilian Republic,1946,1964
Second Bulgarian Empire,0681,1422
East Turkestan Republic,1944,
Second Empire of Haiti,1849,1859
Second French Empire,02/Dec/1852,04/Sep/1870
French Bourbon Restoration,08/Jul/1815,02/Aug/1830
Hungarian Republic,1945,1949
Kingdom of Arles,0933,1378
Kingdom of Greece,03/Nov/1935,08/Dec/1974
Regency of Hungary,1919,1944
Kingdom of Italy,17/Mar/1861,02/Jun/1946
Second Mariote Kingdom,2401,2269
Republic of the Philippines,1943,1945
Second Republic of Venezuela,1813,1814
Segorbe,1065,1075
Segura,1147,1150
Seisyllwg,0680,0920
Seleucid Empire,0290,0084
Seljuk Empire,1037,1194
Selk’nam,7001,1880
Sena Dynasty,1070,1230
Senegal,04/Apr/1960,
Senegambia,01/Feb/1982,30/Sep/1989
Sennar,1504,1821
Septinsular Republic,1800,1815
Serbia,05/Jun/2006,
Serbia and Montenegro,04/Feb/2003,05/Jun/2006
Serbian Despotate,1402,1459
Serbian Empire,1346,1371
Serbian Grand Principality,1181,1217
Kingdom of Serbia,06/Mar/1882,01/Dec/1918
Seuna Dynasty,1156,1311
Seventeen Provinces,1482,26/Jul/1581
Seville,1023,1091
Seychelles,29/Jun/1976,
??kya Kingdom,1001,0501
Shang Dynasty,1501,1046
Shasu,1601,1001
Sheba,0951,0281
Sheikhdom of Kuwait,1752,1961
Shen,,0681
Shirvanshah,1141,1358
Shu Han,0221,0263
Shun Dynasty,1644,1645
Sierra Leone,27/Apr/1961,
Sikh Empire,1799,1849
Sikkim,1642,1863
Silla,0058,0935
Silves,1040,1151
Sindh,0564,1845
Singapore,09/Aug/1965,
Singhasari,1222,1292
Sint Maarten,,
Sixteen Kingdoms,0304,0439
Slovak Soviet Republic,16/Jun/1919,07/Jul/1919
Slovakia,01/Jan/1993,
Slovenia,25/Jun/1991,
Sobrarbe,0800,0925
Socialist Federal Republic of Yugoslavia,29/Nov/1943,27/Apr/1992
Socialist People's Republic of Albania,1946,22/Mar/1991
Soissons,0457,0629
Sokoto Caliphate,1810,1903
Solomon Islands,07/Jul/1978,
Somali Democratic Republic,1969,1991
Somali Republic,1961,1969
Somalia,1991,
Song State,0702,0347
Song Dynasty,0961,1255
Songhai,1375,1591
South Africa,31/May/1910,
South America,,
South Arabia,04/Apr/1962,30/Nov/1967
South Carolina in the American Civil War,09/Nov/1860,08/Feb/1861
South Kasai,1960,1962
South Korea,15/Aug/1945,
South Sudan,09/Jul/2011,
South Vietnam,26/Oct/1955,30/Apr/1975
Southern Han,0917,0971
Southern Liang,0397,0414
Southern Qi,0479,0502
Southern Rhodesia,01/Oct/1923,17/Apr/1980
Southern Tang,0937,0975
Southern Yan,0398,0410
Southwest Africa,1915,21/Mar/1990
Sovereign Principality of the United Netherlands,1813,1815
Soviet Republic of Naissaar,Dec 1917,26/Feb/1918
Spain,20/Nov/1975,
Spania,0552,0624
Spanish East Indies,27/Apr/1565,10/Dec/1899
Spanish Guinea,11/Aug/1926,11/Aug/1968
First Spanish Republic,11/Feb/1873,29/Dec/1874
Second Spanish Republic,14/Apr/1931,15/Jul/1939
Spanish Sahara,26/Dec/1884,26/Feb/1976
Spanish State,01/Apr/1939,20/Nov/1975
Sparta,1001,0196
Sri Lanka,04/Feb/1948,
Srivijaya,0250,1350
Srubna culture,1501,1201
Cai,1041,0451
State of Franklin,23/Aug/1784,1790
Jin,1051,0377
Katanga,11/Jul/1960,15/Jan/1963
State of Muskogee,1799,24/Mar/1832
State of Burma,1943,1945
State of Deseret,1849,1850
State of Haiti,1806,1811
State of Malta,1964,1974
"State of Slovenes, Croats and Serbs",29/Oct/1918,01/Dec/1918
State of Vietnam,1949,1955
Zhongshan,0404,0301
Qin,0801,0222
Yang Wu,01/Jun/0907,0937
Straits Settlements,1826,1946
Sudan,01/Jan/1956,
Suebic Kingdom of Gallicia,0410,0584
Sui Dynasty,0582,0623
Sukhothai Kingdom,1238,1438
Sultanate of Johore,1528,1946
Sultanate of Maguindanao,1205,1850
Sultanate of Mataram,1500,1700
Sultanate of Cirebon,1445,1677
Sultanate of Darfur,1615,1917
Sultanate of Egypt,1914,1922
Sultanate of Kano,1350,1805
Sultanate of Muscat,1650,1820
Sultanate of Nejd,1921,1926
Sultanate of Tidore,1400,1663
Sultanate of Rajah Buayan,1668,22/Oct/1905
Sultanate of Rüm,1077,1307
Sultanate of Sulu,1400,1917
Sumer,5301,1941
Sunda Kingdom,0670,1580
Shunga Empire,0186,0074
Surakarta Sunanate,1758,1831
Suriname,25/Nov/1975,
Sussex,0477,0823
Suthrege,0480,0600
Svalbard,,
Swaziland,06/Sep/1968,
Sweden,06/Jun/1523,
Union between Sweden and Norway,1814,1905
Swedish Empire,1611,1721
Swiss Confederation Mediation,1803,1815
Swiss Confederation Restoration,1815,1848
Switzerland,01/Aug/1291,
Sybaris,0721,0511
Syracuse,0735,0213
Syria,17/Apr/1946,
Taebong,0901,0918
Tagalog Republic,1902,14/Jul/1906
Tahirid Empire,0821,0873
Algeciras,0713,1368
Alpuente,1031,1103
Beaza,1224,1226
Beja,1031,1150
Carmona,1031,1150
Constantina and Hornachuelos,1143,1150
Majorca,1018,1203
Taifa of Arcos,1011,1071
Valéncia,1010,1238
Taíno,1200,1700
Taiwan,01/Jan/1912,
Tajikistan,09/Sep/1991,
Tang Dynasty,0623,0907
Tanganyika,09/Dec/1961,26/Apr/1964
Tangier International Zone,1923,1956
Tanzania,26/Apr/1964,
Taras,0707,0273
Tarascan State,1300,1530
Tartessos,0601,0401
Tarumanagara,0358,0670
Taungoo Dynasty,1487,1540
Tavira,1146,1150
Tay Son Dynasty,1778,1802
Tayon Dynasty,,
Tejada,1146,1150
Teng,1047,0415
Teotihuacan Empire,0050,0750
Ternate Sultanate,1400,1663
Terramare culture,1601,1151
Territory of Papua,1883,1975
Thailand,1932,
Thaton Kingdom,0301,17/May/1057
Thebes,1001,0339
Third Mariote Kingdom,1901,1711
Third Republic of Venezuela,1817,1819
Thirteen Colonies,1607,04/Jul/1776
Thirtieth Dynasty of Egypt,0381,0344
Thomond,1118,1543
Thonburi Kingdom,1766,1783
Three Kingdoms,0220,0280
Thurii,0453,0195
Tibet,1912,1950
Tibetan Empire,0630,0842
Tikal,0525,1300
Timucua,1801,1821
Timurid Empire,1363,1506
Tiwanaku,0500,1001
Tlapanec People,1461,1522
Tlaxcala,1300,1585
Togo,27/Apr/1960,
Togoland Protectorate,1884,1914
Tokelau,,
Tokugawa Shogunate,1603,09/Nov/1867
Toledo,1010,1085
Toltecs,0900,1250
Tonga,01/Jan/1846,
Tonkin,0968,1802
Toro,1830,1967
Tortosa,1010,1099
Toucouleur Empire,1861,1893
Traikutakas Dynasty,0204,0511
Tran Dynasty,1232,1400
Transitional Government of Ethiopia,1991,1995
Transjordan,01/Apr/1921,25/May/1946
Transkei,1963,27/Apr/1994
Transvaal Republic,27/Jun/1856,31/May/1902
Transylvania,1075,1867
Travancore,1741,1802
Triarchy of Negroponte,1204,
Trinidad and Tobago,31/Aug/1962,
Troy,3001,1151
Trubczewsk,0975,1503
Trucial States,1853,01/Dec/1971
Trzciniec culture,1701,1201
Tsardom of Vidin,1356,1396
Tsardom of Russia,16/Jan/1547,22/Oct/1721
Tu'i Tonga Empire,0950,1799
Tulum,0525,1300
Tulunids,0868,0905
Tumulus culture,1651,1301
Tunisia,20/Mar/1956,
Türgesh Kaganate,0699,0766
Turkey,29/Oct/1923,
Turkic Khaganate,0553,0745
Turkmen Armenia,1335,1508
Turkmenistan,27/Oct/1991,
Turks and Caicos Islands,,
Tututepec,1377,1522
Tannu Tuva,14/Aug/1921,11/Oct/1944
Tuvalu,01/Oct/1978,
Tuyuhun,0400,0642
Kingdom of Tyrconnell,0400,1607
Uganda,1964,
Protectorate of Uganda,1894,1962
Ugarit,1501,1201
Uí Failghe,0500,1556
ui Fidgenti,0300,1200
Uí Liatháin,0300,1220
Uí Maine,0357,1585
Ukraine,24/Aug/1991,
Ukrainian People's Republic,01/Nov/1918,18/Mar/1921
Ukrainian Soviet Socialist Republic,1919,1991
Ukrainian State,1918,1918
Ulaid,0451,0330
Umayyad Caliphate,0661,0750
Ún?tice culture,2301,1601
Unfederated Malay States,1885,1946
Unified Silla,0668,0935
Union of South Africa,31/May/1910,31/May/1961
Union of Soviet Socialist Republics,30/Dec/1922,26/Dec/1991
Union Soviet Socialist Republics Occupation Zone in Austria,1946,1956
Union Soviet Socialist Republics Occupation Zone in Germany,1946,1950
United Arab Emirates,02/Dec/1971,
United Arab Republic,22/Feb/1958,1971
United Belgian States,1790,1790
United Duchies of Jülich-Cleves-Berg,,
United Kingdom,06/Dec/1922,
United Kingdom of Great Britain,01/May/1707,01/Jan/1801
United Kingdom of the Netherlands,1815,19/Apr/1839
United Kingdom Occupation Zone in Austria,1946,1956
United Kingdom Occupation Zone in Germany,1946,1950
United Principalities,1859,1881
United Provinces of Central Italy,1859,1860
United Provinces of New Granada,1811,1816
United Provinces of the Rio de la Plata,1817,1831
United States,04/Jul/1776,
United States Occupation Zone in Austria,1947,1995
United States Occupation Zone in Germany,1947,1995
United States of Colombia,1863,05/Aug/1886
United States Virgin Islands,,
Province of Upper Canada,1791,1841
Upper Egypt,5501,3101
Upper Volta,1958,04/Aug/1984
Ur,2701,0551
Urartu,0861,0591
Urgell,0798,1413
Urnfield culture,1351,0751
Uruguay,25/Aug/1825,
Uruk,2056,2047
Uxmal,0525,1300
Uyghur Empire,0745,0850
Uzbekistan,01/Sep/1991,
Vakataka Dynasty,0250,0500
Valentia,0369,0410
V?n Lang,3080,0259
V?n Xuân,0544,0602
Vandals,0410,0435
Vanuatu,30/Jul/1980,
VarangianRus,0859,0880
Värend,0550,1350
Vatican City,11/Feb/1929,
Venad,1100,1729
Venda,13/Sep/1979,27/Apr/1994
Venezuela,05/Jul/1811,
Vermont Republic,15/Jan/1777,04/Mar/1791
County of Vianden,0300,1414
Viceroyalty of Peru,1542,1824
Viceroyalty of the Río de la Plata,1776,1814
Vichy France,10/Jul/1940,23/Oct/1944
Vietnam,1976,
Vijaya,0544,0505
Vijayanagara Empire,1337,1656
Viscounty of Bearn,0800,1620
Vladimir-Suzdal,1157,1331
Volga Bulgaria,0660,1240
Kingdom of Waalo,1287,1855
Wadai Empire,1635,1902
Waldeck-Pyrmont,1180,13/Nov/1918
Wallachia,1317,1862
Wallis and Futuna Islands,,
Warring States,0451,0222
Wassoulou Empire,1878,1898
Wattasid Dynasty,1472,1554
Wei,0446,0226
Weimar Republic,09/Nov/1918,23/Mar/1933
Welsh Kingdoms,0445,1283
Kingdom of Wessex,0519,0927
West Bank,,
West Florida,23/Sep/1810,27/Oct/1810
West Francia,0843,0987
West Germany,23/May/1949,03/Oct/1990
West Indies Federation,03/Jan/1958,31/May/1962
West Ukrainian Peoples Republic,1918,1919
Westergo,1200,1500
Western Chalukya Empire,0974,1191
Western Ganga Dynasty,0355,0567
Western Guo,1047,0688
Western Liang,0400,0421
Western Qin,0385,0431
Western Roman Empire,0395,0476
Western Sahara,,
Western Turkic Khaganate,0554,0658
Western Wei,0535,0557
Western Xia,1038,1227
Wey,0771,0223
Witware,0510,0686
Wreocensæte,0650,0800
Wu,0585,0474
Württemberg,1050,09/Nov/1918
Xi,1123,0685
Xia,0407,0431
Xia Dynasty,2001,1557
Xianbei State,0093,0234
Xin Dynasty,0010,0024
Xiongnu,0216,0204
Xois,1786,1601
Yamkhad,1801,1601
Yamna culture,3801,2201
Yan,1051,0223
Great Yan,0756,0763
Yarkand,0101,0130
Yarkent Khanate,1514,1705
Yaz culture,1501,1101
Yeke Kingdom,1856,1891
Yemen,22/May/1990,
Yemen Arab Republic,27/Sep/1962,22/May/1990
Yogyakarta Sultanate,1758,1831
Yuan Dynasty,1271,1356
Yue,0551,0335
Zaire,19/Nov/1971,16/May/1997
Zakarid Armenia,1201,1360
Zambia,24/Oct/1964,
Zand Empire,1750,1794
Zapotec,0526,1527
Zaragoza,1018,1118
Zengid Dynasty,1127,1250
Zhao,0404,0223
Zheng,0807,0376
Zhou Dynasty,1046,0256
Zimbabwe,18/Apr/1980,
Zimbabwe Rhodesia,1979,1979
Zirid Dynasty,1049,1153
Ziyarid Dynasty,0930,1090
Ziyarid Emirate,0930,1043
Zululand,1816,1897
